datetime,actual,Random Forest,Gradient Boosting,Physics-based,Time Series,XGBoost-like,Random Forest_error,Random Forest_abs_error,Random Forest_squared_error,Gradient Boosting_error,Gradient Boosting_abs_error,Gradient Boosting_squared_error,Physics-based_error,Physics-based_abs_error,Physics-based_squared_error,Time Series_error,Time Series_abs_error,Time Series_squared_error,XGBoost-like_error,XGBoost-like_abs_error,XGBoost-like_squared_error,simple_average,median_ensemble,performance_weighted,conditional_ensemble,hybrid_prediction
2023-06-24 05:00:00,2.258099703576552,0.960693620218978,6.626435795941503,0.3135338983606772,4.997050752744137,-0.05706190791392727,1.2974060833575742,1.2974060833575742,1.6832625451332408,-4.368336092364951,4.368336092364951,19.082360215858287,1.944565805215875,1.944565805215875,3.781336170814864,-2.738951049167585,2.738951049167585,7.501852849736213,2.3151616114904794,2.3151616114904794,5.359973287319193,2.5681304318702733,0.960693620218978,2.568130431870274,3.0574675167244303,2.345619560601598
2023-06-24 06:00:00,0.0,6.539158890885929,-0.5711335865882073,0.0,14.38250778014688,-0.9135303276624213,-6.539158890885929,6.539158890885929,42.76059900025249,0.5711335865882073,0.5711335865882073,0.32619357372910934,0.0,0.0,0.0,-14.38250778014688,14.38250778014688,206.85653004598555,0.9135303276624213,0.9135303276624213,0.8345376595590107,3.8874005513564365,0.0,3.887400551356437,1.811252790149747,2.4406092030812667
2023-06-24 07:00:00,338.3688715853672,352.3431543135926,307.736577580519,974.0463175128924,469.64466165867253,347.4300425253393,-13.974282728225432,13.974282728225432,195.28057776837963,30.632294004848177,30.632294004848177,938.3374359994575,-635.6774459275252,635.6774459275252,404085.8152609418,-131.27579007330536,131.27579007330536,17233.33305937054,-9.0611709399721,9.0611709399721,82.10481880339488,490.24015071820315,352.3431543135926,490.2401507182032,564.9595690178286,494.9704308941425
2023-06-24 08:00:00,986.3574305089508,1038.4742461810995,1088.4712423281296,1482.0371141023224,937.0019239566373,1030.7392905143201,-52.11681567214873,52.11681567214873,2716.162475804728,-102.11381181917886,102.11381181917886,10427.230564242673,-495.6796835933717,495.6796835933717,245698.34872722506,49.3555065523135,49.3555065523135,2435.9660270354607,-44.38186000536939,44.38186000536939,1969.749497536207,1115.3447634165018,1038.4742461810995,1115.344763416502,1184.596723304513,1126.8921284419785
2023-06-24 09:00:00,1191.4163458734154,1476.263059114653,1444.719062437184,2177.7021350980185,1201.001830238104,1497.4389451173697,-284.8467132412377,284.8467132412377,81137.6500443359,-253.30271656376863,253.30271656376863,64162.266218584904,-986.2857892246031,986.2857892246031,972759.6580263983,-9.585484364688682,9.585484364688682,91.88151050569118,-306.02259924395435,306.02259924395435,93649.83124802589,1559.425006401066,1476.263059114653,1559.4250064010657,1709.6799371677603,1602.7163229768544
2023-06-24 10:00:00,970.3305873031669,1502.6507205293544,1424.0830362603801,2509.8500548247316,1494.7684298394024,1554.9113752312196,-532.3201332261875,532.3201332261875,283364.72423794604,-453.75244895721323,453.75244895721323,205891.2849346684,-1539.5194675215648,1539.5194675215648,2370120.1908778823,-524.4378425362355,524.4378425362355,275035.05068406137,-584.5807879280527,584.5807879280527,341734.69761458295,1697.2527233370176,1502.6507205293544,1697.2527233370179,1859.4091177900598,1732.6562591797126
2023-06-24 11:00:00,2459.627989036844,1823.529530473908,2149.062583434823,2483.534262894926,1494.7537067877513,2167.6099405815685,636.0984585629362,636.0984585629362,404621.2489861435,310.5654056020212,310.5654056020212,96450.87115674795,-23.90627385808193,23.90627385808193,571.5099297776115,964.8742822490929,964.8742822490929,930982.3805457021,292.0180484552757,292.0180484552757,85274.54062362773,2023.6980048345954,2149.062583434823,2023.6980048345954,2164.7887681046486,2094.6665623411595
2023-06-24 12:00:00,2164.0526070692567,1874.5795578201744,1848.0296204278166,1603.7999147688893,1198.125086659501,1856.7803471473837,289.47304924908235,289.47304924908235,83794.64624156166,316.0229866414402,316.0229866414402,99870.52808577588,560.2526923003675,560.2526923003675,313883.0792298102,965.9275204097557,965.9275204097557,933015.9746849391,307.272259921873,307.272259921873,94416.24171749508,1676.2629053647531,1848.0296204278166,1676.262905364753,1748.3425712118672,1728.5684046786375
2023-06-24 13:00:00,1522.9308574298743,2147.802947344458,2141.406219094009,1702.4220131043246,1240.1725082325231,2090.806926214565,-624.8720899145837,624.8720899145837,390465.1287542196,-618.4753616641347,618.4753616641347,382511.7729855822,-179.49115567445028,179.49115567445028,32217.074965349748,282.7583491973512,282.7583491973512,79952.28404081121,-567.8760687846907,567.8760687846907,322483.2294983548,1864.522122797976,2090.806926214565,1864.522122797976,1940.4336958241533,1925.0338938696264
2023-06-24 14:00:00,1194.9539534238943,1759.8529324444798,1754.9545642773703,2025.7267114790372,1323.5279031532743,1869.0835057418208,-564.8989790205856,564.8989790205856,319110.8564985,-560.000610853476,560.000610853476,313600.6841562663,-830.772758055143,830.772758055143,690183.3755265491,-128.57394972938005,128.57394972938005,16531.260549013146,-674.1295523179265,674.1295523179265,454450.653308368,1746.6291234191965,1759.8529324444798,1746.6291234191967,1869.7394763389927,1808.0859042895188
2023-06-24 15:00:00,1171.327959926472,1551.082979173969,1772.2126140143384,2448.338258869655,1314.5952185889432,1694.329011679634,-379.7550192474971,379.7550192474971,144213.8746436669,-600.8846540878665,600.8846540878665,361062.36751829495,-1277.010298943183,1277.010298943183,1630755.3036069577,-143.26725866247125,143.26725866247125,20525.50740465944,-523.0010517531621,523.0010517531621,273530.1001349137,1756.111616465308,1694.329011679634,1756.1116164653083,1904.2391002926422,1798.6888450870238
2023-06-24 16:00:00,972.2974417679429,1379.3891915989002,1240.9400721881264,872.3226012518321,615.2795463910926,1488.0869491648443,-407.09174983095727,407.09174983095727,165723.6927804307,-268.6426304201834,268.6426304201834,72168.86287907526,99.97484051611082,99.97484051611082,9994.968736221794,357.01789537685033,357.01789537685033,127461.77761931565,-515.7895073969014,515.7895073969014,266038.8159407382,1119.2036721189593,1240.9400721881264,1119.203672118959,1207.8414378685748,1205.5593816882074
2023-06-24 17:00:00,348.4959278890649,485.52953247531445,493.0921668372616,886.221605766316,439.41891520362515,502.2904394196963,-137.03360458624957,137.03360458624957,18778.2087859006,-144.59623894819669,144.59623894819669,20908.072317963994,-537.7256778772511,537.7256778772511,289148.9046485492,-90.92298731456026,90.92298731456026,8266.989622203686,-153.79451153063144,153.79451153063144,23652.751776945526,561.3105319404427,493.0921668372616,561.3105319404427,625.9216264389551,575.07140113681
2023-06-24 18:00:00,0.0,14.677019518523908,13.613400327894684,14.04642484739173,18.056845789381097,12.9684912624139,-14.677019518523908,14.677019518523908,215.41490194713177,-13.613400327894684,13.613400327894684,185.3246684875231,-14.04642484739173,14.04642484739173,197.3020509934238,-18.056845789381097,18.056845789381097,326.04967986148984,-12.9684912624139,12.9684912624139,168.1817656233057,14.672436349121066,14.04642484739173,14.672436349121064,13.974366006470683,14.172519966187355
2023-06-24 19:00:00,13.917736546059395,2.61720973380702,3.0341088859057193,5.8452829231919345,2.309365882341501,-1.6816903211054925,11.300526812252375,11.300526812252375,127.70190623443483,10.883627660153675,10.883627660153675,118.45335104486215,8.07245362286746,8.07245362286746,65.16450749334598,11.608370663717894,11.608370663717894,134.7542694662662,15.599426867164887,15.599426867164887,243.3421185840257,2.4248554208281368,2.61720973380702,2.4248554208281363,2.4363658993271473,1.8129022270127457
2023-06-24 20:00:00,1.611828451439742,4.678388899823294,12.67739555913894,5.507189831593086,3.0004622715479643,5.291912790119613,-3.066560448383552,3.066560448383552,9.403792983590332,-11.065567107699199,11.065567107699199,122.4467754149944,-3.895361380153344,3.895361380153344,15.173840281990167,-1.3886338201082222,1.3886338201082222,1.9283038863483546,-3.680084338679871,3.680084338679871,13.543020739796864,6.23106987044458,5.291912790119613,6.23106987044458,4.657079706788443,5.539299751116187
2023-06-24 21:00:00,2.018627026807612,10.621383005857416,8.3745934506299,2.984270993716506,2.542396844968615,11.911531200911357,-8.602755979049803,8.602755979049803,74.00741043507713,-6.355966423822288,6.355966423822288,40.398309180756286,-0.9656439669088939,0.9656439669088939,0.9324682708275449,-0.5237698181610031,0.5237698181610031,0.2743348224164103,-9.892904174103744,9.892904174103744,97.86955299799929,7.286835099216759,8.3745934506299,7.286835099216759,5.715387302941444,7.430532785774589
2023-06-24 22:00:00,6.033355841550835,4.404374087416358,4.077157025133611,5.845262105733773,4.01255530359632,3.9122085192455045,1.6289817541344762,1.6289817541344762,2.653581555303035,1.9561988164172233,1.9561988164172233,3.826713809352145,0.1880937358170618,0.1880937358170618,0.035379253453618635,2.020800537954514,2.020800537954514,4.083634814197254,2.12114732230533,2.12114732230533,4.499265962923072,4.450311408225113,4.077157025133611,4.450311408225113,4.1632626514461455,4.2691289100055325
2023-06-24 23:00:00,7.247583134383784,7.831760172611544,6.229442708178071,0.36128245546364557,2.6474205455022144,6.541760787531725,-0.58417703822776,0.58417703822776,0.3412628119925578,1.0181404262057123,1.0181404262057123,1.0366099274743494,6.886300678920138,6.886300678920138,47.42113704049596,4.600162588881569,4.600162588881569,21.161495844145584,0.7058223468520586,0.7058223468520586,0.4981851853157477,4.72233333385744,6.229442708178071,4.72233333385744,4.344501030811539,4.863006145842517
2023-06-25 00:00:00,13.253872410029023,7.815023001870342,9.592828607016893,9.825262519285973,2.5680524035571364,7.833462643690321,5.438849408158681,5.438849408158681,29.58108288462804,3.661043803012131,3.661043803012131,13.403241727573526,3.4286098907430507,3.4286098907430507,11.755365782901073,10.685820006471888,10.685820006471888,114.18674921071485,5.420409766338702,5.420409766338702,29.380842035019985,7.526925835084133,7.833462643690321,7.526925835084133,5.63533750505519,6.910850440864931
2023-06-25 01:00:00,1.1458232657080352,6.530962724676211,5.7959877700982165,7.52116027116375,2.59904884696913,6.490433921792333,-5.385139458968176,5.385139458968176,28.99972699253606,-4.650164504390181,4.650164504390181,21.624029917890383,-6.375337005455715,6.375337005455715,40.64492193313304,-1.453225581261095,1.453225581261095,2.1118645900316473,-5.344610656084297,5.344610656084297,28.564863065129824,5.787518706939927,6.490433921792333,5.787518706939928,4.723005327407329,5.520376306331379
2023-06-25 02:00:00,7.997389274953654,11.113273570319462,11.572886835928697,1.4067107828323238,3.509719516667744,11.983140418499806,-3.1158842953658086,3.1158842953658086,9.70873494210728,-3.5754975609750437,3.5754975609750437,12.784182808538485,6.59067849212133,6.59067849212133,43.43704298651069,4.487669758285909,4.487669758285909,20.13917985943391,-3.9857511435461523,3.9857511435461523,15.886212178279461,7.917146224849607,11.113273570319462,7.917146224849607,7.113013745217819,8.24559898602601
2023-06-25 03:00:00,6.707485617017292,5.635624683657697,6.163424555850728,7.3057890306371345,2.8551025583867995,2.9313552248540327,1.071860933359595,1.071860933359595,1.148885860462502,0.5440610611665635,0.5440610611665635,0.29600243827768713,-0.5983034136198428,0.5983034136198428,0.35796697474915673,3.852383058630492,3.852383058630492,14.840855230423227,3.776130392163259,3.776130392163259,14.259160738619048,4.978259210677278,5.635624683657697,4.978259210677279,4.326206191655212,4.443005056146068
2023-06-25 04:00:00,0.3296016770357838,4.7972472925123535,3.7753258386544406,0.06361599557755637,3.501088099220507,4.494920729835468,-4.467645615476569,4.467645615476569,19.959857345487013,-3.445724161618657,3.445724161618657,11.873014997962596,0.26598568145822743,0.26598568145822743,0.07074838274079763,-3.1714864221847234,3.1714864221847234,10.058326126102058,-4.165319052799684,4.165319052799684,17.349882811616055,3.326439591160065,3.7753258386544406,3.326439591160065,3.5309648686325543,3.5732956090767467
2023-06-25 05:00:00,2.448772121701424,5.1597462092695485,4.96502644011976,1.224687699840324,3.248204579337408,6.688797983983787,-2.7109740875681245,2.7109740875681245,7.3493805034658255,-2.516254318418336,2.516254318418336,6.331535794958925,1.2240844218611,1.2240844218611,1.4983826718430235,-0.7994324576359841,0.7994324576359841,0.6390922543219095,-4.240025862282363,4.240025862282363,17.977819312823296,4.257292582510166,4.96502644011976,4.257292582510166,4.065977538523941,4.55505812733603
2023-06-25 06:00:00,0.0,6.6655380836945275,15.308566181504338,40.44943046145045,10.213148683778797,3.350293134150257,-6.6655380836945275,6.6655380836945275,44.42939794518212,-15.308566181504338,15.308566181504338,234.3521985334983,-40.44943046145045,40.44943046145045,1636.1564246557152,-10.213148683778797,10.213148683778797,104.30840603697258,-3.350293134150257,3.350293134150257,11.22446408473435,15.197395308915674,10.213148683778797,15.197395308915675,17.51250375720225,14.230617939601164
2023-06-25 07:00:00,688.2616332190576,569.7617440294085,614.8345345640686,545.7278306915813,276.7793089305069,604.9949260680901,118.49988918964902,118.49988918964902,14042.223737959097,73.42709865498898,73.42709865498898,5391.538816889484,142.53380252747627,142.53380252747627,20315.8848629416,411.48232428855067,411.48232428855067,169317.70320190798,83.26670715096748,83.26670715096748,6933.344519764978,522.419668856731,569.7617440294085,522.419668856731,563.6531096051293,549.2376617003742
2023-06-25 08:00:00,800.8588256965717,956.4944008127111,957.0713882980076,1131.9073336558847,659.0782292226229,996.7612285785124,-155.63557511613942,155.63557511613942,24222.432241731476,-156.21256260143593,156.21256260143593,24402.36471450754,-331.04850795931304,331.04850795931304,109593.11462208735,141.78059647394878,141.78059647394878,20101.737536508695,-195.9024028819407,195.9024028819407,38377.75145491821,940.2625161135478,957.0713882980076,940.2625161135478,1017.9519520555708,975.9286255630004
2023-06-25 09:00:00,1345.8298739746328,1403.3942091149088,1405.49888335039,1809.3477467845812,956.4863467167104,1459.0363715264562,-57.564335140275944,57.564335140275944,3313.6526801420077,-59.66900937575724,59.66900937575724,3560.3906798842054,-463.51787280994836,463.51787280994836,214848.81841425947,389.34352725792246,389.34352725792246,151588.3822176406,-113.2064975518233,113.2064975518233,12815.711087950976,1406.7527114986092,1405.49888335039,1406.7527114986094,1542.5446196160146,1462.1224283438783
2023-06-25 10:00:00,1908.1713621700922,1417.1681427307535,1324.9530214783072,2317.778704630116,1240.7821084633138,1412.055873025151,491.00321943933864,491.00321943933864,241084.16149979533,583.218340691785,583.218340691785,340143.632919279,-409.6073424600238,409.6073424600238,167778.1749971632,667.3892537067784,667.3892537067784,445408.4159632906,496.1154891449412,496.1154891449412,246130.57856952425,1542.5475700655284,1412.055873025151,1542.5475700655284,1710.8935158558363,1581.8948965360796
2023-06-25 11:00:00,1814.9449461882464,1677.6133836664262,1660.6467029555297,2556.980322363865,1430.6637481803002,1703.1158006713474,137.33156252182016,137.33156252182016,18859.9580646846,154.2982432327167,154.2982432327167,23807.9478647026,-742.0353761756187,742.0353761756187,550616.499496092,384.28119800794616,384.28119800794616,147672.03914242232,111.82914551689896,111.82914551689896,12505.757787039764,1805.8039915674938,1677.6133836664262,1805.8039915674938,1974.7123119573478,1849.5186750695207
2023-06-25 12:00:00,2135.502409441914,1969.9297857146648,1841.022480536639,3413.2274903857287,1695.9497089772685,1905.7968971718315,165.57262372724927,165.57262372724927,27414.293727925266,294.4799289052751,294.4799289052751,86718.42852805587,-1277.7250809438146,1277.7250809438146,1632581.3824728776,439.55270046464557,439.55270046464557,193206.57648576243,229.70551227008264,229.70551227008264,52764.62236726109,2165.185272557226,1905.7968971718315,2165.1852725572267,2422.7303279216467,2216.417785626964
2023-06-25 13:00:00,1651.1957579822779,1660.0367942779988,1680.8464968781038,1863.6737717077592,1180.490963937945,1589.7242382493657,-8.841036295720869,8.841036295720869,78.16392278225379,-29.650738895825953,29.650738895825953,879.166317068446,-212.47801372548133,212.47801372548133,45146.906316725835,470.70479404433286,470.70479404433286,221563.0031363178,61.47151973291216,61.47151973291216,3778.747738273809,1594.9544530102344,1660.0367942779988,1594.9544530102348,1687.0176524447843,1626.3920405981967
2023-06-25 14:00:00,2235.6749747737017,1905.6893163198167,1765.9244220031003,2004.852325390086,1188.2494344840347,2178.7805598250334,329.985658453885,329.985658453885,108890.53478524403,469.7505527706014,469.7505527706014,220665.5818282856,230.82264938361573,230.82264938361573,53279.0954684716,1047.425540289667,1047.425540289667,1097100.2624511009,56.89441494866833,56.89441494866833,3236.974452351254,1808.6992116044144,1905.6893163198167,1808.6992116044144,1997.967571149382,1930.4553396782458
2023-06-25 15:00:00,1847.8087869985043,1551.82430098927,1262.5517420532376,1625.7548510217975,988.1743182986733,1303.8651603228388,295.9844860092344,295.9844860092344,87606.81595815066,585.2570449452667,585.2570449452667,342525.8086580659,222.05393597670673,222.05393597670673,49307.95048274737,859.634468699831,859.634468699831,738971.4197768407,543.9436266756654,543.9436266756654,295874.6690010757,1346.4340745371633,1303.8651603228388,1346.4340745371635,1458.5376785086776,1379.2849987950447
2023-06-25 16:00:00,816.183689126231,1108.3559897113066,1039.4433686304978,1113.5236730518889,772.0961719982726,1142.4618513082,-292.1723005850756,292.1723005850756,85364.65322917578,-223.25967950426684,223.25967950426684,49844.88449234795,-297.33998392565786,297.33998392565786,88411.06604091047,44.08751712795845,44.08751712795845,1943.7091665080297,-326.27816218196904,326.27816218196904,106457.43911684329,1035.1762109400333,1108.3559897113066,1035.1762109400333,1105.5020974382946,1075.8831172696498
2023-06-25 17:00:00,551.2504746479709,441.9060914188954,468.7133083836469,649.6277739841379,419.31205619485337,445.87620741311207,109.3443832290755,109.3443832290755,11956.194143746929,82.53716626432401,82.53716626432401,6812.3838149446665,-98.37729933616697,98.37729933616697,9678.093024677799,131.93841845311755,131.93841845311755,17407.74626390995,105.37426723485885,105.37426723485885,11103.736195283447,485.08708747892916,445.87620741311207,485.08708747892916,514.04983019874,489.34241542099033
2023-06-25 18:00:00,0.0,23.653057957692855,21.570038278925256,20.238792888677125,18.760336069976667,24.37603530978791,-23.653057957692855,23.653057957692855,559.4671507499773,-21.570038278925256,21.570038278925256,465.2665513543008,-20.238792888677125,20.238792888677125,409.60873759076776,-18.760336069976667,18.760336069976667,351.95020945846755,-24.37603530978791,24.37603530978791,594.1910974240269,21.719652101011963,21.570038278925256,21.719652101011967,22.458990471280476,22.376878011922336
2023-06-25 19:00:00,1.6617618740132432,3.2998541260726246,4.110475938702741,1.024206144262856,2.9274373887010854,2.574344068198511,-1.6380922520593815,1.6380922520593815,2.683346226256976,-2.448714064689498,2.448714064689498,5.996200570608163,0.6375557297503871,0.6375557297503871,0.40647730853754865,-1.2656755146878422,1.2656755146878422,1.6019345084803343,-0.9125821941852676,0.9125821941852676,0.8328062611439976,2.7872635331875637,2.9274373887010854,2.7872635331875637,2.885385232047029,2.7896682080400184
2023-06-25 20:00:00,1.815552498552928,2.8017124879669755,3.3139660375887146,1.1435850653461719,3.5338485698184927,2.643593473526792,-0.9861599894140474,0.9861599894140474,0.972511524721114,-1.4984135390357864,1.4984135390357864,2.2452431339657504,0.6719674332067562,0.6719674332067562,0.4515402312904764,-1.7182960712655646,1.7182960712655646,2.9525413885266745,-0.828040974973864,0.828040974973864,0.6856518562356673,2.6873411268494296,2.8017124879669755,2.6873411268494296,3.0602555123723185,2.811299013784045
2023-06-25 21:00:00,20.35711037339319,8.027658424436552,7.499981342391085,1.3636441883846842,3.117200475153494,7.886969660275274,12.329451948956638,12.329451948956638,152.01538536163065,12.857129031002106,12.857129031002106,165.30576691983717,18.993466185008508,18.993466185008508,360.75175772106167,17.239909898239695,17.239909898239695,297.214493299423,12.470140713117917,12.470140713117917,155.50440940496105,5.579090818128217,7.499981342391085,5.579090818128218,5.170601838217188,5.782301501481416
2023-06-25 22:00:00,5.1469809991990045,5.799039827953294,5.284527359953601,1.2844961405190105,4.04426127259141,5.644476648477048,-0.6520588287542894,0.6520588287542894,0.4251807161564158,-0.13754636075459636,0.13754636075459636,0.018919001356833567,3.862484858679994,3.862484858679994,14.918789283532213,1.102719726607594,1.102719726607594,1.215990795449527,-0.4974956492780436,0.4974956492780436,0.24750192105058214,4.411360249898872,5.284527359953601,4.411360249898873,4.526470791992306,4.6366163994183
2023-06-25 23:00:00,6.323502451526385,9.22749708782864,9.224999198566623,2.513866558271527,3.25252043682509,8.239407003768562,-2.9039946363022553,2.9039946363022553,8.433184847672267,-2.9014967470402384,2.9014967470402384,8.418683373085086,3.8096358932548577,3.8096358932548577,14.513325639175738,3.0709820147012947,3.0709820147012947,9.430930534618824,-1.9159045522421776,1.9159045522421776,3.670690253302299,6.491658057052089,8.239407003768562,6.4916580570520885,5.720327692976232,6.483854771633009
2023-06-26 00:00:00,18.77886636113732,9.948983426019575,8.821879825647919,5.303543715449226,3.2172198326293984,8.528886451237664,8.829882935117746,8.829882935117746,77.96683264788359,9.956986535489403,9.956986535489403,99.14158086791726,13.475322645688095,13.475322645688095,181.5843204053944,15.561646528507923,15.561646528507923,242.1648426782227,10.249979909899658,10.249979909899658,105.0620881533466,7.164102650196756,8.528886451237664,7.1641026501967575,5.994784663482085,6.9595589250027565
2023-06-26 01:00:00,2.3676635051643706,6.345371280960204,6.541377132093387,2.8815499215385754,2.356776832270988,5.523232503482309,-3.977707775795833,3.977707775795833,15.822159149626632,-4.1737136269290165,4.1737136269290165,17.419885439612965,-0.5138864163742047,0.5138864163742047,0.26407924893392254,0.01088667289338252,0.01088667289338252,0.00011851964668750974,-3.1555689983179387,3.1555689983179387,9.95761570314528,4.729661534069093,5.523232503482309,4.729661534069093,4.018578944173816,4.599818273017728
2023-06-26 02:00:00,8.093406719431021,10.613961716887369,18.519672795907073,7.479963775575415,3.598255470829163,11.164443998742042,-2.5205549974563475,2.5205549974563475,6.353197495202168,-10.426266076476052,10.426266076476052,108.70702429747533,0.6134429438556062,0.6134429438556062,0.37631224536623237,4.495151248601858,4.495151248601858,20.206384747806844,-3.071037279311021,3.071037279311021,9.431269970918038,10.275259551588213,10.613961716887369,10.275259551588213,7.70606856887434,9.509420374711432
2023-06-26 03:00:00,2.8504986938955605,3.294520160790041,4.363028962803434,6.3517830182437764,3.8347980005554447,3.689293073497321,-0.44402146689448063,0.44402146689448063,0.19715506306312636,-1.5125302689078737,1.5125302689078737,2.2877478143625245,-3.501284324348216,3.501284324348216,12.258991919926542,-0.9842993066598842,0.9842993066598842,0.9688451250911287,-0.8387943796017603,0.8387943796017603,0.7035760112515019,4.306684643178004,3.8347980005554447,4.306684643178004,3.976363993342212,4.098463680283374
2023-06-26 04:00:00,10.183200535417038,10.093236970018324,8.005588607604073,0.6763898080803032,3.734187253191747,11.128739304718641,0.08996356539871364,0.08996356539871364,0.008093443099248625,2.177611927812965,2.177611927812965,4.741993708153298,9.506810727336735,9.506810727336735,90.37945020540481,6.449013282225291,6.449013282225291,41.58977231431822,-0.9455387693016029,0.9455387693016029,0.8940435642523897,6.727628388722619,8.005588607604073,6.72762838872262,5.9136400001747065,7.102899090130253
2023-06-26 05:00:00,0.9962657002461488,2.4910134040227216,3.5980354011091205,0.25037346655317544,4.2836793301072245,2.224938996610439,-1.4947477037765728,1.4947477037765728,2.234270697945337,-2.6017697008629717,2.6017697008629717,6.769205576328597,0.7458922336929734,0.7458922336929734,0.5563552242834933,-3.2874136298610757,3.2874136298610757,10.807088373796374,-1.2286732963642901,1.2286732963642901,1.5096380691986908,2.5696081196805363,2.4910134040227216,2.7056792208945417,3.231658189153867,2.797250160960589
2023-06-26 06:00:00,0.0,10.092108790937475,22.06719180271747,58.86043937084574,13.978745780592794,9.649952160812685,-10.092108790937475,10.092108790937475,101.85065984811747,-22.06719180271747,22.06719180271747,486.96095405792113,-58.86043937084574,58.86043937084574,3464.5513229290073,-13.978745780592794,13.978745780592794,195.40533359844085,-9.649952160812685,9.649952160812685,93.12157670597341,22.929687581181234,13.978745780592794,19.445917143155306,26.460722646316082,20.95426988761407
2023-06-26 07:00:00,603.001584314075,555.9528164330128,589.8959278438568,747.0169691111332,374.77317644156943,555.5102463172213,47.04876788106219,47.04876788106219,2213.586559126069,13.10565647021815,13.10565647021815,171.75823151537088,-144.01538479705823,144.01538479705823,20740.43105824475,228.22840787250556,228.22840787250556,52088.20616001876,47.491337996853645,47.491337996853645,2255.427184731395,564.6298272293586,555.9528164330128,557.7054561494017,613.4898191449893,577.9393573850238
2023-06-26 08:00:00,988.5149060581601,932.619550667273,933.8269252140083,1140.2997931583334,811.592079402784,884.5865067104606,55.895355390887175,55.895355390887175,3124.29075427358,54.687980844151866,54.687980844151866,2990.7752488103215,-151.78488710017325,151.78488710017325,23038.65195201234,176.92282665537618,176.92282665537618,31301.68659172829,103.9283993476995,103.9283993476995,10801.112190974905,940.5849710305718,932.619550667273,928.0344786019027,979.5966958144733,941.4466327068865
2023-06-26 09:00:00,2115.8958108276656,1536.884101577723,1548.8245482203206,2515.0350414475183,1389.1217190754369,1601.6957174372678,579.0117092499427,579.0117092499427,335254.55944854015,567.071262607345,567.071262607345,321569.8168750885,-399.1392306198527,399.1392306198527,159312.12541980797,726.7740917522287,726.7740917522287,528200.580442277,514.2000933903978,514.2000933903978,264401.73604269384,1718.3122255516532,1548.8245482203206,1654.871801857982,1873.3704083525768,1732.8859650220336
2023-06-26 10:00:00,2330.8478381906093,1966.4694959998403,2043.6602992007652,3103.688850989096,1895.0068809804777,2008.2173345820459,364.378342190769,364.378342190769,132771.57625769314,287.18753898984414,287.18753898984414,82476.68255104325,-772.8410127984866,772.8410127984866,597283.2310633906,435.8409572101316,435.8409572101316,189957.33998184375,322.63050360856346,322.63050360856346,104090.44185871528,2203.408572350445,2008.2173345820459,2138.220765314857,2354.5099079342817,2204.199621677072
2023-06-26 11:00:00,2206.673909232031,2137.7200909693556,2123.814231787335,2709.163551873998,1710.3102218077468,2020.0438075086604,68.95381826267521,68.95381826267521,4754.6290530020415,82.85967744469599,82.85967744469599,6865.726146239062,-502.4896426419673,502.4896426419673,252495.840962452,496.3636874242841,496.3636874242841,246376.91019343238,186.63010172337044,186.63010172337044,34830.794869275596,2140.210380789419,2123.814231787335,2125.403288194394,2271.3868836475476,2162.9146883893914
2023-06-26 12:00:00,1640.5918894046513,2012.3946884900918,1952.9241949770455,1812.929358077875,1474.4511161806022,2024.1340803241458,-371.8027990854405,371.8027990854405,138237.3214077684,-312.33230557239426,312.33230557239426,97551.46910416747,-172.3374686732236,172.3374686732236,29700.203108694328,166.1407732240491,166.1407732240491,27602.75652748491,-383.5421909194945,383.5421909194945,147104.61221532596,1855.366687609952,1952.9241949770455,1888.1478855072983,1931.2275463200845,1918.7065163296986
2023-06-26 13:00:00,1430.2287971327082,1785.553852350377,1656.9928354349938,3377.1614247374837,2077.4152432337487,1699.547984855447,-355.3250552176687,355.3250552176687,126255.89486543932,-226.7640383022856,226.7640383022856,51421.92906716045,-1946.9326276047755,1946.9326276047755,3790546.6564320354,-647.1864461010405,647.1864461010405,418850.296016895,-269.3191877227389,269.3191877227389,72532.82487563587,2119.3342681224103,1785.553852350377,2013.8781693444253,2282.89922721684,2076.7044267431215
2023-06-26 14:00:00,1326.2827416359348,1695.0884297968448,1701.380919874021,2658.007504878849,1657.659551310935,1709.2576966665295,-368.80568816091,368.80568816091,136017.6356198424,-375.0981782380861,375.0981782380861,140698.64331753104,-1331.7247632429142,1331.7247632429142,1773490.8450343958,-331.37680967500023,331.37680967500023,109810.58999038133,-382.97495503059463,382.97495503059463,146669.81618068597,1884.278820505436,1701.380919874021,1802.1648193977098,2009.6302103025246,1873.1587379708767
2023-06-26 15:00:00,489.32035782533546,1285.9297303255057,1193.4898109404978,1964.4787519849992,1178.9778425792354,1264.2012477396581,-796.6093725001703,796.6093725001703,634586.492355115,-704.1694531151624,704.1694531151624,495854.6187005068,-1475.1583941596637,1475.1583941596637,2176092.2878597174,-689.6574847538999,689.6574847538999,475627.4462770757,-774.8808899143227,774.8808899143227,600440.3935544126,1377.4154767139794,1264.2012477396581,1312.637977274348,1488.317541437368,1376.5769402171463
2023-06-26 16:00:00,1424.3971025469634,1043.5602785336519,950.1154885274751,1340.09664854143,785.9810183663559,1044.2555060408881,380.83682401331157,380.83682401331157,145036.68652454604,474.2816140194883,474.2816140194883,224943.04939693087,84.30045400553331,84.30045400553331,7106.566545539037,638.4160841806075,638.4160841806075,407575.0965405006,380.1415965060753,380.1415965060753,144507.63339418775,1032.8017880019602,1043.5602785336519,1011.5025522172036,1126.3182125248666,1059.7958617661518
2023-06-26 17:00:00,445.72786516856314,483.83103620695454,465.579414682346,838.0366015046283,473.6373621430432,509.79995815160953,-38.103171038391395,38.103171038391395,1451.8516431809087,-19.851549513782857,19.851549513782857,394.08401809817235,-392.3087363360651,392.3087363360651,153906.14460560028,-27.909496974480078,27.909496974480078,778.9400213685126,-64.07209298304639,64.07209298304639,4105.233099228142,554.1768745377163,483.83103620695454,522.8611041399963,605.6893959662616,554.5891999405891
2023-06-26 18:00:00,0.0,18.391233829745513,27.984939041178944,0.0,16.517335478876763,22.921758884836105,-18.391233829745513,18.391233829745513,338.2374817803758,-27.984939041178944,27.984939041178944,783.1568131385014,0.0,0.0,0.0,-16.517335478876763,16.517335478876763,272.82237132176107,-22.921758884836105,22.921758884836105,525.407030374563,17.163053446927467,18.391233829745513,19.480636608417555,14.450901753083446,17.888760276289887
2023-06-26 19:00:00,14.752473209791939,4.257954189246495,5.937908115280778,0.7725478498056392,2.6467013046992216,2.6764816048091356,10.494519020545443,10.494519020545443,110.13492947259009,8.81456509451116,8.81456509451116,77.69655780537452,13.9799253599863,13.9799253599863,195.43831307078807,12.105771905092716,12.105771905092716,146.54971341813214,12.075991604982804,12.075991604982804,145.82957324361516,3.258318612768254,2.6764816048091356,3.6303593683329183,2.8391205871529053,3.1545380170566464
2023-06-26 20:00:00,1.2344393254175554,4.70507794867488,4.39213867046313,14.509315458154957,3.6213917577916424,3.040962366062325,-3.470638623257325,3.470638623257325,12.0453324532455,-3.1576993450455744,3.1576993450455744,9.971065153701248,-13.2748761327374,13.2748761327374,176.2223363395211,-2.3869524323740867,2.3869524323740867,5.697541914416569,-1.8065230406447694,1.8065230406447694,3.2635254963804234,6.053777240229387,4.39213867046313,5.117878355425431,4.582331476324412,4.759284382056201
2023-06-26 21:00:00,1.974261916458344,9.570232030473615,6.825325811321109,21.641740020846694,2.3595206474347448,9.337409895151406,-7.595970114015271,7.595970114015271,57.69876197301318,-4.851063894862765,4.851063894862765,23.5328209120411,-19.66747810438835,19.66747810438835,386.8096949865952,-0.38525873097640084,0.38525873097640084,0.1484242897935468,-7.363147978693062,7.363147978693062,54.21594815613173,9.946845681045513,9.337409895151406,9.041072310857045,6.729084931832974,8.412193371371043
2023-06-26 22:00:00,7.056876044507961,5.927132322325512,3.584334763046388,0.2297458746896544,3.761816309336236,4.987384750008974,1.1297437221824485,1.1297437221824485,1.2763208778106532,3.472541281461573,3.472541281461573,12.058542951454783,6.8271301698183064,6.8271301698183064,46.60970635564334,3.295059735171725,3.295059735171725,10.857418658349959,2.069491294498987,2.069491294498987,4.282794218007093,3.6980828038813534,3.761816309336236,4.17719413944489,3.742696257699771,4.07478177208418
2023-06-26 23:00:00,2.502356588495185,2.1970546868385514,2.115505096667188,0.8146296187892048,2.4191373479725,0.920119018341915,0.3053019016566334,0.3053019016566334,0.09320925115515666,0.38685149182799705,0.38685149182799705,0.14965407672954686,1.68772696970598,1.68772696970598,2.84842232427293,0.08321924052268503,0.08321924052268503,0.006925441993172503,1.5822375701532698,1.5822375701532698,2.5034757284045233,1.6932891537218715,2.115505096667188,1.746493675674831,2.1102932143057176,1.74188663730276
2023-06-27 00:00:00,4.685164055357775,5.681002022729023,4.323372268463577,2.754108653905905,2.9428021032911906,4.391293570793211,-0.9958379673712487,0.9958379673712487,0.9916932572581003,0.361791786894198,0.361791786894198,0.13089329706409678,1.9310554014518697,1.9310554014518697,3.7289749634764418,1.742361952066584,1.742361952066584,3.0358251720092775,0.29387048456456366,0.29387048456456366,0.08635986169821144,4.018515723836582,4.323372268463577,4.289478477972519,3.6796872390065234,4.050679395137134
2023-06-27 01:00:00,2.9400949690668092,2.4633230902747156,2.44966445898104,1.0310233650927827,2.2428455309999835,3.6223216915376444,0.4767718787920936,0.4767718787920936,0.2273114244069428,0.4904305100857691,0.4904305100857691,0.24052208522298768,1.9090716039740265,1.9090716039740265,3.6445543890999623,0.6972494380668257,0.6972494380668257,0.4861567788845042,-0.6822267224708352,0.6822267224708352,0.4654333008532979,2.361835627377233,2.44966445898104,2.5555086640211675,2.3405882383074754,2.6112575136522564
2023-06-27 02:00:00,6.781152938586439,5.682840688203581,7.880534148103419,2.261843364940269,3.0083995277771156,5.630047420328408,1.0983122503828584,1.0983122503828584,1.2062897993410586,-1.09938120951698,1.09938120951698,1.2086390438390178,4.51930957364617,4.51930957364617,20.42415902244993,3.7727534108093237,3.7727534108093237,14.233668298773386,1.1511055182580314,1.1511055182580314,1.325043914164091,4.892733029870558,5.630047420328408,5.3947883602994136,4.360193946170536,4.9926608747943275
2023-06-27 03:00:00,1.2959995220950262,1.8816064282309908,2.470107066699807,0.6911196403216975,2.8985065061647,2.267644019862012,-0.5856069061359646,0.5856069061359646,0.3429354485141364,-1.1741075446047808,1.1741075446047808,1.3785285262978675,0.6048798817733287,0.6048798817733287,0.36587967137411614,-1.602506984069674,1.602506984069674,2.5680286339920824,-0.9716444977669856,0.9716444977669856,0.9440930300408577,2.0417967322558415,2.267644019862012,2.147019945780906,2.4522348281012363,2.256155283676428
2023-06-27 04:00:00,0.30118154329465263,4.414044128951883,4.923116306471112,3.048736020788356,2.8125487178242508,4.5475395765757956,-4.11286258565723,4.11286258565723,16.915638648499076,-4.621934763176459,4.621934763176459,21.362280955059035,-2.7475544774937033,2.7475544774937033,7.549055606795697,-2.5113671745295982,2.5113671745295982,6.306965085304777,-4.246358033281143,4.246358033281143,18.0315565468113,3.9491969501222797,4.414044128951883,4.165845184612142,3.633991810851949,4.004453427417142
2023-06-27 05:00:00,1.782870441360368,1.2470366238810167,1.6154079492162345,1.5851741772999106,4.034902103328263,3.5210851186480787,0.5358338174793513,0.5358338174793513,0.2871178799544948,0.16746249214413345,0.16746249214413345,0.028043686275123957,0.19769626406045737,0.19769626406045737,0.039083812823462086,-2.2520316619678953,2.2520316619678953,5.0716466065058805,-1.7382146772877107,1.7382146772877107,3.0213902643384203,2.400721194474701,1.6154079492162345,2.373173412788725,2.818799584438586,2.7054614959979757
2023-06-27 06:00:00,0.0,7.573790554943785,21.068898841958568,0.0,9.642809654924099,6.854116304313365,-7.573790554943785,7.573790554943785,57.362303370155686,-21.068898841958568,21.068898841958568,443.89849841268307,0.0,0.0,0.0,-9.642809654924099,9.642809654924099,92.98377804109741,-6.854116304313365,6.854116304313365,46.9789103130543,9.027923071227963,7.573790554943785,10.091186753506438,5.589230352984054,7.870451893602871
2023-06-27 07:00:00,464.63235964447836,463.57465994378833,417.2114466729581,826.3554919804951,422.7199674948118,425.71640593720576,1.0576997006900228,1.0576997006900228,1.1187286568397639,47.42091297152024,47.42091297152024,2248.7429870524966,-361.72313233601676,361.72313233601676,130843.6244669795,41.91239214966657,41.91239214966657,1756.648615707432,38.91595370727259,38.91595370727259,1514.4514529465835,511.1155944058519,425.71640593720576,476.35888380446096,563.6082781249601,504.51330672675596
2023-06-27 08:00:00,1103.739164396094,1081.4171962405212,1124.2860482840222,1533.7730117281305,878.5746362366194,1091.181443541725,22.321968155572904,22.321968155572904,498.2702623384108,-20.54688388792806,20.54688388792806,422.17443750399775,-430.03384733203643,430.03384733203643,184929.1098511932,225.16452815947468,225.16452815947468,50699.06474127887,12.557720854369109,12.557720854369109,157.6963530562568,1141.8464672062037,1091.181443541725,1110.5005631305894,1225.8698884551789,1152.6838446672082
2023-06-27 09:00:00,1341.377756579609,1453.9057185616984,1271.6460191602264,2240.1390049012416,1192.570983783954,1310.8888591840257,-112.52796198208944,112.52796198208944,12662.542227842565,69.73173741938263,69.73173741938263,4862.515203525727,-898.7612483216326,898.7612483216326,807771.7814846593,148.80677279565498,148.80677279565498,22143.455629857683,30.488897395583308,30.488897395583308,929.5728643984066,1493.8301171182293,1310.8888591840257,1418.4169908913125,1639.7729011161823,1491.0743086479613
2023-06-27 10:00:00,1826.363272813099,1799.1854686671134,1854.0668698711943,3090.382240850269,1530.6431517057702,1978.1525535188696,27.177804145985647,27.177804145985647,738.6330381975546,-27.703597058095284,27.703597058095284,767.4892899573057,-1264.0189680371702,1264.0189680371702,1597743.9515577527,295.72012110732885,295.72012110732885,87450.39002773324,-151.78928070577058,151.78928070577058,23039.985737175215,2050.4860569226435,1854.0668698711943,1949.0878074430905,2270.2150935327827,2081.0518069077825
2023-06-27 11:00:00,1670.5426487114669,1730.3497251769777,1858.4058812322085,2740.5083006055847,1369.3346736220046,1875.9741346596213,-59.80707646551082,59.80707646551082,3576.886395351458,-187.86323252074158,187.86323252074158,35292.594133142215,-1069.9656518941179,1069.9656518941179,1144826.4962332046,301.20797508946225,301.20797508946225,90726.24425749411,-205.43148594815443,205.43148594815443,42202.095418866775,1914.9145430592794,1858.4058812322085,1836.730444371341,2098.360764489226,1945.9152247590334
2023-06-27 12:00:00,2377.76575017964,2104.4557612133117,2346.726054002471,2699.4402514519315,1422.5575116598918,2134.3551883798737,273.3099889663281,273.3099889663281,74698.35006877438,31.039696177168935,31.039696177168935,963.4627387709558,-321.67450127229176,321.67450127229176,103474.48476877763,955.208238519748,955.208238519748,912422.7789359997,243.41056179976613,243.41056179976613,59248.70159567777,2141.5069533414962,2134.3551883798737,2117.1394758054093,2294.4576793532856,2185.4383255637485
2023-06-27 13:00:00,2263.731820302209,1913.2109991767072,1853.2546691248174,2821.2506524654113,1516.0100571015837,1756.0173595860174,350.5208211255019,350.5208211255019,122864.84604249612,410.47715117739176,410.47715117739176,168491.49163870732,-557.5188321632022,557.5188321632022,310827.2482166208,747.7217632006254,747.7217632006254,559087.8351638522,507.71446071619175,507.71446071619175,257773.97362033342,1971.9487474909074,1853.2546691248174,1889.2841485095553,2133.679433152681,1967.2321696433214
2023-06-27 14:00:00,1613.298325664837,1860.3365101889704,1767.0516111869845,3087.25454362878,1600.9529975580724,1811.8975679633904,-247.03818452413338,247.03818452413338,61027.86461297978,-153.7532855221475,153.7532855221475,23640.072808855013,-1473.9562179639431,1473.9562179639431,2172546.932474571,12.345328106764555,12.345328106764555,152.40712606367092,-198.59924229855346,198.59924229855346,39441.65904155955,2025.4986461052395,1811.8975679633904,1910.8712312993343,2223.987181775312,2022.8098766864205
2023-06-27 15:00:00,1556.0627298089455,1567.7798034880532,1576.7875562763297,1680.4228072909805,1000.1843214518668,1583.0940558576265,-11.71707367910767,11.71707367910767,137.28981560163777,-20.72482646738422,20.72482646738422,429.5184321031894,-124.36007748203497,124.36007748203497,15465.428871337741,555.8784083570787,555.8784083570787,309000.8048775991,-27.031326048680967,27.031326048680967,730.6925879500982,1481.6537088729713,1576.7875562763297,1491.0377736439273,1590.8185743709782,1538.3618865148064
2023-06-27 16:00:00,916.4207171059048,1142.7149791849927,920.9808175049573,1503.5541043028834,887.5111911877328,1058.5198775623983,-226.29426207908784,226.29426207908784,51209.0930499189,-4.5601003990524305,4.5601003990524305,20.794515649438136,-587.1333871969786,587.1333871969786,344725.61436139717,28.909525918171994,28.909525918171994,835.7606888134583,-142.09916045649345,142.09916045649345,20192.17140244027,1102.656193948593,1058.5198775623983,1053.9358787208396,1207.952366140751,1115.8372964282055
2023-06-27 17:00:00,280.09421350108715,493.6796425933348,468.70344914770857,565.0401691434154,345.29666150945286,480.6723392721233,-213.58542909224764,213.58542909224764,45618.73552051954,-188.6092356466214,188.6092356466214,35573.443771202765,-284.9459556423282,284.9459556423282,81194.19763691968,-65.2024480083657,65.2024480083657,4251.359226283633,-200.57812577103613,200.57812577103613,40231.58453782159,470.67845233320696,480.6723392721233,466.11329190481143,505.67233942429084,482.8275897059853
2023-06-27 18:00:00,13.949589737423997,22.536063643184335,25.141635216681042,15.454180872723274,18.096550808023736,24.897718217440858,-8.586473905760338,8.586473905760338,73.72753413430318,-11.192045479257045,11.192045479257045,125.26188200975805,-1.5045911352992771,1.5045911352992771,2.2637944844211675,-4.146961070599739,4.146961070599739,17.19728612106973,-10.94812848001686,10.94812848001686,119.8615172149563,21.225229751610648,22.536063643184335,22.465898604521513,21.10596217659041,22.1685934687469
2023-06-27 19:00:00,3.215205269135781,3.9877089225937,4.475988730375472,6.129893033308563,2.7853236299556148,3.801871109836574,-0.7725036534579193,0.7725036534579193,0.5967618946058331,-1.2607834612396913,1.2607834612396913,1.5895749361355362,-2.914687764172782,2.914687764172782,8.495404762618533,0.4298816391801661,0.4298816391801661,0.1847982237042265,-0.586665840700793,0.586665840700793,0.3441768086451682,4.236157085213985,3.9877089225937,4.06242668867538,3.5812892543245516,3.8810048093075595
2023-06-27 20:00:00,0.9197346982224508,5.790593579170168,7.2130189117932,7.146051156702339,3.7310353003261363,7.121417752080734,-4.870858880947718,4.870858880947718,23.725266238107253,-6.293284213570749,6.293284213570749,39.60542619277881,-6.2263164584798885,6.2263164584798885,38.76701664113754,-2.8113006021036853,2.8113006021036853,7.903411075388544,-6.201683053858283,6.201683053858283,38.460872700513,6.200423340014516,7.121417752080734,6.2745006172244775,5.488966447759029,6.1154896365585145
2023-06-27 21:00:00,2.190953659796779,1.6091752763483782,2.6534440795526697,3.7030602199572242,2.201887484538453,3.1327118258368025,0.5817783834484007,0.5817783834484007,0.33846608744783435,-0.4624904197558908,0.4624904197558908,0.21389738836598005,-1.5121065601604453,1.5121065601604453,2.2864662492802545,-0.010933824741674147,0.010933824741674147,0.00011954852348164574,-0.9417581660400236,0.9417581660400236,0.8869084433030686,2.6600557772467055,2.6534440795526697,2.534616424563639,2.474804950855194,2.6222126218591177
2023-06-27 22:00:00,2.5539866066122805,1.7644151754184163,3.19163876869719,12.900772411412568,3.367689303445564,1.9397057621949594,0.7895714311938642,0.7895714311938642,0.623423044957527,-0.6376521620849096,0.6376521620849096,0.40660027981155983,-10.346785804800287,10.346785804800287,107.05597649041673,-0.8137026968332837,0.8137026968332837,0.6621120788337588,0.6142808444173211,0.6142808444173211,0.37734095581805704,4.632844284233739,3.19163876869719,3.4118069581115913,3.6944206372575046,3.4730621653434883
2023-06-27 23:00:00,0.29552305768193454,1.317422899926318,0.7931922183497682,8.715958381002311,2.120616617211155,2.458191611020805,-1.0218998422443835,1.0218998422443835,1.0442792875790958,-0.4976691606678336,0.4976691606678336,0.24767459347982598,-8.420435323320376,8.420435323320376,70.90373103422152,-1.8250935595292206,1.8250935595292206,3.3309665010350407,-2.1626685533388703,2.1626685533388703,4.677135271600842,3.0810763455020713,2.120616617211155,2.228181615167128,2.4087545356984297,2.4538178462813764
2023-06-28 00:00:00,4.377030674777809,5.756626007407633,24.83078935461389,9.285810719494037,1.9768008136713635,19.048273936209416,-1.3795953326298243,1.3795953326298243,1.9032832818139955,-20.45375867983608,20.45375867983608,418.35624413296983,-4.908780044716228,4.908780044716228,24.096121527404254,2.4002298611064457,2.4002298611064457,5.7611033861470675,-14.671243261431606,14.671243261431606,215.2453788361023,12.179660166279268,9.285810719494037,13.739580841530529,7.230361591200536,12.023669966829173
2023-06-28 01:00:00,10.785650325194624,6.204938593626937,3.67318672172052,5.589114700817419,2.124098140577453,4.545077472249058,4.580711731567686,4.580711731567686,20.98291996772183,7.112463603474104,7.112463603474104,50.58713851074383,5.196535624377205,5.196535624377205,27.003982495421386,8.661552184617172,8.661552184617172,75.0224862468465,6.240572852945566,6.240572852945566,38.94474953292116,4.427283125798278,4.545077472249058,4.4135486852664805,3.5413474356451817,4.130067732026182
2023-06-28 02:00:00,0.8228576022456812,5.293171262942815,6.840304139942157,1.8161961165441198,3.247341428267583,3.751447641402747,-4.470313660697134,4.470313660697134,19.983704225015412,-6.017446537696476,6.017446537696476,36.20966283403531,-0.9933385142984387,0.9933385142984387,0.9867214039886294,-2.424483826021902,2.424483826021902,5.8781218226418,-2.928590039157066,2.928590039157066,8.576639617449985,4.1896921178198845,3.751447641402747,4.694269122765476,3.681278499073823,4.122612631527149
2023-06-28 03:00:00,4.554128628821411,12.96704593577318,26.225058280495027,0.18140014206918162,2.3541614883099484,20.93216962029607,-8.412917306951769,8.412917306951769,70.7771776136086,-21.670929651673617,21.670929651673617,469.6291919677868,4.37272848675223,4.37272848675223,19.120754418854446,2.199967140511463,2.199967140511463,4.839855419330183,-16.378040991474656,16.378040991474656,268.24022671842414,12.531967093388682,12.96704593577318,15.586646543561049,8.591368504072538,13.481925773724468
2023-06-28 04:00:00,5.464232786109861,4.053256824202934,4.281614271694531,13.717490296105668,3.544971018437891,3.7705102450706542,1.410975961906927,1.410975961906927,1.990853165079178,1.1826185144153296,1.1826185144153296,1.3985865506379211,-8.253257509995807,8.253257509995807,68.11625952630219,1.9192617676719697,1.9192617676719697,3.6835657328473337,1.6937225410392065,1.6937225410392065,2.8686960460243065,5.873568531102336,4.053256824202934,4.800711875456925,4.396036013966737,4.665473577724231
2023-06-28 05:00:00,2.7179036506796725,3.310048687248265,4.201326944331546,4.410900225076891,4.610436149829236,3.4062563772440666,-0.5921450365685925,0.5921450365685925,0.3506357443328198,-1.4834232936518736,1.4834232936518736,2.200544668148973,-1.6929965743972186,1.6929965743972186,2.866237400920717,-1.8925324991495636,1.8925324991495636,3.581679260337293,-0.6883527265643941,0.6883527265643941,0.47382947616863547,3.9877936767460014,4.201326944331546,3.876474383919306,4.300910646254959,3.971192268659503
2023-06-28 06:00:00,0.0,11.722109646938796,18.301263253201277,0.0,10.213470119177023,9.82998875429179,-11.722109646938796,11.722109646938796,137.40785457485558,-18.301263253201277,18.301263253201277,334.9362366629754,0.0,0.0,0.0,-10.213470119177023,10.213470119177023,104.31497187532192,-9.82998875429179,9.82998875429179,96.62867890950307,10.013366354721779,10.213470119177023,11.743881940485922,7.642194943772481,9.761630175842477
2023-06-28 07:00:00,198.88432568958666,373.14192351438305,276.20892605994857,641.1632597995138,374.7973770926518,308.5889766217836,-174.2575978247964,174.2575978247964,30365.710399668485,-77.3246003703619,77.3246003703619,5979.093822436173,-442.2789341099271,442.2789341099271,195610.65555741324,-175.91305140306514,175.91305140306514,30945.40165393744,-109.70465093219696,109.70465093219696,12035.110436155182,394.7800926176561,373.14192351438305,355.2601898470874,430.6060935986833,380.5585595919357
2023-06-28 08:00:00,889.9401048856487,909.333129812507,764.9092556958393,1430.0225927295235,848.5015487334614,825.070852688913,-19.39302492685829,19.39302492685829,376.08941581374694,125.03084918980937,125.03084918980937,15632.713249124856,-540.0824878438748,540.0824878438748,291689.0936756292,41.43855615218729,41.43855615218729,1717.153935977979,64.86925219673572,64.86925219673572,4208.019880563701,955.5674759320488,848.5015487334614,885.6124873512217,1035.5171570582768,939.4911248364688
2023-06-28 09:00:00,2070.419815678695,1560.7267280306676,1664.85417636726,2569.509968756886,1265.3867024167646,1651.2647975996892,509.6930876480276,509.6930876480276,259787.04359617992,405.56563931143523,405.56563931143523,164483.48779009318,-499.0901530781907,499.0901530781907,249090.98089961184,805.0331132619306,805.0331132619306,648078.3134481963,419.1550180790059,419.1550180790059,175690.92918081177,1742.3484746342535,1651.2647975996892,1648.5502955663922,1908.0878346263846,1753.8653364025631
2023-06-28 10:00:00,1557.5318099758554,1713.437182273677,1734.4957070009511,2533.323171417145,1487.4446298383252,1666.8068667867828,-155.9053722978217,155.9053722978217,24306.485111322396,-176.96389702509578,176.96389702509578,31316.220850308702,-975.7913614412898,975.7913614412898,952168.781063446,70.08718013753014,70.08718013753014,4912.212819630599,-109.27505681092748,109.27505681092748,11941.038041031428,1827.1015114633763,1713.437182273677,1740.7201856522706,1950.8704850463678,1816.1429914820474
2023-06-28 11:00:00,2074.319818347443,2044.9737073292665,2294.1670835410314,2560.8523362239494,1445.7474207981304,2181.7916716937543,29.346111018176316,29.346111018176316,861.1942318911293,-219.84726519358856,219.84726519358856,48332.820013100056,-486.5325178765065,486.5325178765065,236713.89095125312,628.5723975493124,628.5723975493124,395103.2589608909,-107.47185334631149,107.47185334631149,11550.199261691085,2105.5064439172265,2181.7916716937543,2093.043402672391,2250.3966243756427,2163.298726808459
2023-06-28 12:00:00,1667.119547435736,1828.7646371512985,1870.6982793004215,3002.6484175137803,1812.1225819360952,1843.7221159159524,-161.64508971556256,161.64508971556256,26129.13502915227,-203.57873186468555,203.57873186468555,41444.300067633536,-1335.5288700780443,1335.5288700780443,1783637.3628119377,-145.00303450035926,145.00303450035926,21025.880014312377,-176.6025684802164,176.6025684802164,31188.467193809523,2071.5912063635096,1843.7221159159524,1937.1224473345221,2207.088576926084,2037.7708568331313
2023-06-28 13:00:00,1334.9264559198568,1634.8571194041413,1474.6556665768526,2745.050935285625,1606.1912807169754,1534.9279442770464,-299.9306634842844,299.9306634842844,89958.40289812307,-139.72921065699575,139.72921065699575,19524.252310827094,-1410.1244793657684,1410.1244793657684,1988451.0473065793,-271.26482479711854,271.26482479711854,73584.60517221142,-200.0014883571896,200.0014883571896,40000.595345091046,1799.136589252128,1606.1912807169754,1647.0540645268775,1940.3759006550051,1755.7101678430352
2023-06-28 14:00:00,1436.6154686814882,1439.1221976819784,1623.9379385126483,1786.1386918422804,1101.7538700926398,1585.8110378805027,-2.506729000490168,2.506729000490168,6.283690281898436,-187.3224698311601,187.3224698311601,35089.70770364589,-349.5232231607922,349.5232231607922,122166.48352870895,334.86159858884844,334.86159858884844,112132.29020947906,-149.19556919901447,149.19556919901447,22259.317868617916,1507.3527472020098,1585.8110378805027,1499.4646247472547,1599.3022834026815,1548.5429856148544
2023-06-28 15:00:00,2005.3876899817194,1487.989858095274,1602.078627091622,1517.487450133494,896.0750303225498,1583.7134823295858,517.3978318864454,517.3978318864454,267700.5164407944,403.3090628900975,403.3090628900975,162658.20020928863,487.9002398482255,487.9002398482255,238046.64404395598,1109.3126596591696,1109.3126596591696,1230574.5768801006,421.67420765213365,421.67420765213365,177809.1373990547,1417.468889594505,1517.487450133494,1454.8924042629055,1518.93673221056,1491.0175535543265
2023-06-28 16:00:00,552.7446353620539,1095.3178114248094,1071.1470174712817,1954.8520630156972,893.750395981073,1064.9384288927556,-542.5731760627555,542.5731760627555,294385.65138282586,-518.4023821092278,518.4023821092278,268741.02977652184,-1402.1074276536433,1402.1074276536433,1965905.2386815166,-341.00576061901904,341.00576061901904,116284.92877535571,-512.1937935307017,512.1937935307017,262342.48213137104,1216.0011433571235,1071.1470174712817,1121.808404604738,1349.3623907784454,1207.050714221596
2023-06-28 17:00:00,555.216222799031,457.89625132721363,497.08559542459716,875.3962363595422,415.76885768024295,481.971227197746,97.31997147181738,97.31997147181738,9471.176847275348,58.13062737443386,58.13062737443386,3379.169838945279,-320.18001356051116,320.18001356051116,102515.24108360911,139.44736511878807,139.44736511878807,19445.567638572593,73.24499560128504,73.24499560128504,5364.829380632265,545.6236335978683,481.971227197746,500.7979723934215,598.9490838113135,539.0506987909994
2023-06-28 18:00:00,0.0,14.346054178673485,5.985157606849662,0.0,16.357531658048956,4.24281748374473,-14.346054178673485,14.346054178673485,205.80927049743497,-5.985157606849662,5.985157606849662,35.82211157883037,0.0,0.0,0.0,-16.357531658048956,16.357531658048956,267.5688419440738,-4.24281748374473,4.24281748374473,18.001500200369964,8.186312185463368,5.985157606849662,8.548234425317242,5.8517029659215645,6.904347537314797
2023-06-28 19:00:00,6.038190690047156,4.084069974786493,3.754624275825458,0.32576114358356884,2.8118282131268937,2.1182309125594747,1.9541207152606628,1.9541207152606628,3.8185877698108444,2.2835664142216974,2.2835664142216974,5.214675568161341,5.712429546463587,5.712429546463587,32.63185132331018,3.226362476920262,3.226362476920262,10.409414832479047,3.919959777487681,3.919959777487681,15.366084657121268,2.6189029039763776,2.8118282131268937,3.024568218039094,2.7539506203817385,2.733051665927669
2023-06-28 20:00:00,2.6443670781082584,2.5577239297717975,2.654870717668505,7.782898059745108,3.478706772852029,1.2363823840523618,0.08664314833646092,0.08664314833646092,0.00750703515365397,-0.01050363956024647,0.01050363956024647,0.00011032644401157465,-5.138530981636849,5.138530981636849,26.404500649241765,-0.8343396947437705,0.8343396947437705,0.696122726225128,1.4079846940558967,1.4079846940558967,1.9824208986956768,3.54211637281796,2.654870717668505,2.7559270635228885,3.250578836286751,2.819051878463922
2023-06-28 21:00:00,3.5123251659203096,6.390718856122872,3.7092907313124224,3.770467140475518,2.9243718196057125,3.324832008619082,-2.878393690202562,2.878393690202562,8.285150235797923,-0.19696556539211274,0.19696556539211274,0.03879543395023464,-0.25814197455520826,0.25814197455520826,0.0666372790272618,0.5879533463145972,0.5879533463145972,0.34568913744253266,0.1874931573012275,0.1874931573012275,0.03515368403478284,4.023936111227122,3.7092907313124224,4.173050048361658,3.489716780604148,3.7842836081149622
2023-06-28 22:00:00,0.03690105720673507,1.1479724051758988,1.5639984703272705,0.14734376217858774,3.1395480359353423,2.532985357012425,-1.1110713479691638,1.1110713479691638,1.2344795402780149,-1.5270974131205355,1.5270974131205355,2.3320265091594314,-0.11044270497185268,0.11044270497185268,0.012197591081499693,-3.102646978728607,3.102646978728607,9.626418274613753,-2.49608429980569,2.49608429980569,6.230436831736461,1.7063696061259048,1.5639984703272705,1.8193020661577508,2.2369296373100895,2.0555843406844936
2023-06-28 23:00:00,5.883735941515056,4.930512362359494,3.130544883727022,0.20671839496302788,2.511507880186083,3.257469299192224,0.9532235791555621,0.9532235791555621,0.9086351918581401,2.7531910577880336,2.7531910577880336,7.580061000683991,5.677017546552028,5.677017546552028,32.228528223859605,3.372228061328973,3.372228061328973,11.371922097614561,2.626266642322832,2.626266642322832,6.897276476577642,2.80735056408557,3.130544883727022,3.3074141540747286,2.7859717864182105,3.0424080586641975
2023-06-29 00:00:00,5.413832676009013,1.9983249794824542,8.308105547275053,4.742372201243071,2.8238304204105096,3.52831053804468,3.415507696526559,3.415507696526559,11.66569282503216,-2.8942728712660397,2.8942728712660397,8.376815453346566,0.6714604747659427,0.6714604747659427,0.4508591691729052,2.590002255598504,2.590002255598504,6.708111684005337,1.8855221379643332,1.8855221379643332,3.55519373275359,4.280188737291153,3.52831053804468,4.489468899553565,3.472081950764954,3.9578176889118564
2023-06-29 01:00:00,0.19578813781308682,2.8194137048403136,2.018718629663689,8.202368328859661,2.5529304890571773,2.9089802514107665,-2.6236255670272266,2.6236255670272266,6.883411115958936,-1.8229304918506022,1.8229304918506022,3.3230755781186785,-8.006580191046574,8.006580191046574,64.10532635565939,-2.3571423512440903,2.3571423512440903,5.556120064028518,-2.7131921135976795,2.7131921135976795,7.361411445288644,3.700482280766322,2.8194137048403136,2.9861090100435823,2.9771409913048617,3.078556880298519
2023-06-29 02:00:00,2.2963085135505064,2.744216345586991,4.492590917754106,2.879483933880518,2.6485764637196025,2.175864039893825,-0.44790783203648443,0.44790783203648443,0.20062142599962354,-2.1962824042036,2.1962824042036,4.823656399014346,-0.5831754203300115,0.5831754203300115,0.3400935708770855,-0.3522679501690962,0.3522679501690962,0.12409270871633683,0.12044447365668143,0.12044447365668143,0.014506871234435026,2.9881463401670083,2.744216345586991,3.0846737907256814,2.7791393912140405,2.8269361706880276
2023-06-29 03:00:00,19.323751100352617,7.1601821067281115,9.47979916729102,4.043695646782211,2.6629138493354048,10.596589756780315,12.163568993624505,12.163568993624505,147.95241066266345,9.843951933061597,9.843951933061597,96.90338966042714,15.280055453570405,15.280055453570405,233.48009466418668,16.660837251017213,16.660837251017213,277.5834979048828,8.727161343572302,8.727161343572302,76.1633451167427,6.7886361053834126,7.1601821067281115,7.872123241649154,5.249811003367618,7.200460865080429
2023-06-29 04:00:00,2.7299895897809288,7.988641948000013,9.905207485523553,8.042927730255336,3.5924248762453646,6.912675610404139,-5.258652358219084,5.258652358219084,27.653424624603137,-7.175217895742624,7.175217895742624,51.48375185138521,-5.312938140474407,5.312938140474407,28.22731168450765,-0.8624352864644358,0.8624352864644358,0.7437946233389934,-4.18268602062321,4.18268602062321,17.494862347116825,7.2883755300856805,7.988641948000013,7.659848810813366,6.020075193923854,6.9181310727315
2023-06-29 05:00:00,3.4852278985845384,9.628199707473398,4.679950345300086,4.714536324977373,3.3546347885452894,10.880598859304772,-6.142971808888859,6.142971808888859,37.73610264480326,-1.1947224467155477,1.1947224467155477,1.4273617246859849,-1.2293084263928344,1.2293084263928344,1.5111992072004268,0.130593110039249,0.130593110039249,0.0170545603897234,-7.395370960720234,7.395370960720234,54.69151164666411,6.651584005120185,4.714536324977373,7.352046489115158,4.751690014447383,6.866135205910632
2023-06-29 06:00:00,33.136291325963334,26.639501867583434,39.96641178383233,0.0,12.520208714353501,31.647808974057337,6.496789458379901,6.496789458379901,42.20827326651621,-6.830120457868993,6.830120457868993,46.65054546900055,33.136291325963334,33.136291325963334,1098.013802839113,20.616082611609833,20.616082611609833,425.0228622487213,1.488482351905997,1.488482351905997,2.2155797119356087,22.15478626796532,26.639501867583434,27.79800707903746,20.38184448154138,24.933337332505992
2023-06-29 07:00:00,645.6117106060954,501.46993834022663,565.5745839556469,807.836970076452,376.3724361856234,501.32725421650247,144.14177226586872,144.14177226586872,20776.850511945562,80.0371266504485,80.0371266504485,6405.941642459933,-162.2252594703566,162.2252594703566,26317.034810224526,269.23927442047193,269.23927442047193,72489.78689046219,144.2844563895929,144.2844563895929,20818.004355640333,550.5162365548902,501.46993834022663,525.6620895024005,598.1756728564117,551.1197404412932
2023-06-29 08:00:00,1128.458480895717,1055.1149928306795,970.8897191524956,763.8627958002118,591.7997574121549,1004.4824166808316,73.34348806503749,73.34348806503749,5379.267241546297,157.56876174322144,157.56876174322144,24827.914677292087,364.59568509550525,364.59568509550525,132930.01359026082,536.6587234835621,536.6587234835621,288002.5854910064,123.97606421488535,123.97606421488535,15370.064498213376,877.2299363752747,970.8897191524956,933.9913614091437,928.3248345922776,934.0675215589133
2023-06-29 09:00:00,1580.7817727900604,1515.504788457464,1485.8844583136358,2652.7304960332376,1315.8498642588754,1498.074241559746,65.27698433259638,65.27698433259638,4261.084683558034,94.89731447642453,94.89731447642453,9005.500294837411,-1071.9487232431773,1071.9487232431773,1149074.0652626778,264.93190853118494,264.93190853118494,70188.91615797614,82.70753123031432,82.70753123031432,6840.535722213418,1693.6087697245919,1498.074241559746,1563.2931669912916,1861.0010123676461,1677.2554144682788
2023-06-29 10:00:00,2028.1649805203538,1679.752283089173,1959.4546399259991,2486.1679192548204,1347.9904887166017,1766.6915542572601,348.41269743118073,348.41269743118073,121391.4077312715,68.71034059435465,68.71034059435465,4721.11090459222,-458.0029387344666,458.0029387344666,209766.69188940758,680.1744918037521,680.1744918037521,462637.3393004924,261.47342626309364,261.47342626309364,68368.35264176146,1848.0113770487708,1766.6915542572601,1798.6200138893096,1971.5323014493206,1861.7587500644252
2023-06-29 11:00:00,1951.7123989024894,1816.0337544577294,1921.8292944727702,2782.167345806895,1508.2187701500388,1905.5367389016142,135.67864444476004,135.67864444476004,18408.694558367613,29.883104429719197,29.883104429719197,892.9999303575031,-830.4549469044055,830.4549469044055,689655.4188379989,443.4936287524506,443.4936287524506,196686.5987440165,46.17566000087527,46.17566000087527,2132.191576516432,1986.7571807578092,1905.5367389016142,1907.9396034151373,2151.105896987126,2004.5100130897056
2023-06-29 12:00:00,1642.3692248756872,1994.8961932076265,2026.4619714923945,3685.313865815736,1864.7253417273437,1887.3616880085171,-352.5269683319393,352.5269683319393,124275.26340130814,-384.09274661670725,384.09274661670725,147527.23800356608,-2042.9446409400487,2042.9446409400487,4173622.805945664,-222.35611685165645,222.35611685165645,49442.242701347495,-244.99246313282993,244.99246313282993,60021.30699189103,2291.7518120503237,1994.8961932076265,2097.076566603286,2490.1972181094584,2232.4128496582866
2023-06-29 13:00:00,2654.0886445518695,2153.768783480291,2183.3636406582496,3209.138010222534,1711.214829243127,2232.579890480601,500.31986107157854,500.31986107157854,250319.96338268367,470.72500389361994,470.72500389361994,221582.0292906485,-555.0493656706644,555.0493656706644,308079.79833140696,942.8738153087425,942.8738153087425,889011.0315948646,421.5087540712684,421.5087540712684,177669.62975871304,2298.0130308169605,2183.3636406582496,2197.6613849324167,2502.801403893482,2324.750914283699
2023-06-29 14:00:00,1497.290305831992,1671.5854038226446,1400.5977309925747,2438.415396391611,1516.4867250357252,1472.2430126072538,-174.2950979906525,174.2950979906525,30378.781183571155,96.69257483941738,96.69257483941738,9349.45402907633,-941.1250905596189,941.1250905596189,885716.4360808509,-19.196419203733058,19.196419203733058,368.50251024545133,25.04729322473827,25.04729322473827,627.3668978860196,1699.865653769962,1516.4867250357252,1576.9864490694617,1822.9118932780807,1665.780719778222
2023-06-29 15:00:00,1837.8972368407208,1779.9692677282655,1872.8581301257948,2047.0390748254797,1238.7935879859701,1619.4678627684,57.92796911245523,57.92796911245523,3355.6496054935674,-34.96089328507401,34.96089328507401,1222.2640592903329,-209.14183798475892,209.14183798475892,43740.30839564315,599.1036488547506,599.1036488547506,358925.18207107636,218.4293740723208,218.4293740723208,47711.39145762585,1711.625584686782,1779.9692677282655,1706.517137053196,1797.2493622344562,1725.9822918689554
2023-06-29 16:00:00,1562.8655049037027,1173.8699880695335,1169.7696693687387,1486.8063947166188,924.7117688606344,1221.991573893642,388.99551683416917,388.99551683416917,151317.5121170824,393.09583553496395,393.09583553496395,154524.33591493143,76.05911018708389,76.05911018708389,5784.988242450968,638.1537360430683,638.1537360430683,407240.1908257261,340.8739310100607,340.8739310100607,116195.03684225162,1195.4298789818336,1173.8699880695335,1175.988721143181,1282.6111324256212,1223.123166680402
2023-06-29 17:00:00,547.1360296905152,507.85789846714897,560.3993498018087,938.3092862341749,510.9977162352857,531.3128533030402,39.278131223366245,39.278131223366245,1542.7715923999783,-13.263320111293524,13.263320111293524,175.91566037464327,-391.1732565436597,391.1732565436597,153016.5166349718,36.138313455229536,36.138313455229536,1305.977699388424,15.823176387474973,15.823176387474973,250.37291098914554,609.7754208082918,531.3128533030402,563.2735481735484,655.112931189304,597.5985088936981
2023-06-29 18:00:00,19.062213323903944,35.599070770239635,33.46856134006155,49.31166976378031,13.940819759756936,32.11343810723752,-16.53685744633569,16.53685744633569,273.4676542004282,-14.406348016157605,14.406348016157605,207.54286316264816,-30.249456439876365,30.249456439876365,915.0296149079777,5.121393564147008,5.121393564147008,26.22867203888639,-13.051224783333577,13.051224783333577,170.3344683451006,32.88671194821519,33.46856134006155,32.21698240064878,37.99074299548303,34.322726396964036
2023-06-29 19:00:00,12.035849445762416,4.595529444690736,5.733768168292422,0.20483600533925606,2.390421321172037,5.222714968783326,7.44032000107168,7.44032000107168,55.35836171834729,6.302081277469994,6.302081277469994,39.716228427837834,11.83101344042316,11.83101344042316,139.97287902747345,9.64542812459038,9.64542812459038,93.03428370663909,6.81313447697909,6.81313447697909,46.41880140140113,3.6294539816555558,4.595529444690736,4.431921753015764,3.423663556372702,4.077280200851796
2023-06-29 20:00:00,6.316170830807772,7.486501129259606,5.886041113309728,3.9548394439958354,5.066491119927357,6.425423197242942,-1.1703302984518338,1.1703302984518338,1.3696730074743584,0.4301297174980441,0.4301297174980441,0.1850115738749472,2.361331386811937,2.361331386811937,5.575885918343186,1.2496797108804154,1.2496797108804154,1.5616993797861587,-0.10925236643516989,0.10925236643516989,0.011936079571684636,5.763859200747094,5.886041113309728,6.156106329032285,5.52156654218799,5.915577864625601
2023-06-29 21:00:00,4.362208191713996,6.254127062844077,7.11232993774415,0.4621018579518338,3.3109606599603425,6.264722220809467,-1.8919188711300814,1.8919188711300814,3.5793570149381213,-2.750121746030154,2.750121746030154,7.563169617987944,3.900106333762162,3.900106333762162,15.210829414651732,1.0512475317536532,1.0512475317536532,1.105121373018148,-1.902514029095471,1.902514029095471,3.6195596309050826,4.680848347861974,6.254127062844077,5.63317504978612,4.604876887195952,5.225153763244441
2023-06-29 22:00:00,7.9926056234838905,6.99814904713106,6.809915827614868,27.43098672773579,4.288599106872317,4.406344294573412,0.9944565763528308,0.9944565763528308,0.9889438822513936,1.1826897958690221,1.1826897958690221,1.3987551532527092,-19.4383811042519,19.4383811042519,377.8506599541373,3.7040065166115737,3.7040065166115737,13.719664275101003,3.5862613289104788,3.5862613289104788,12.861270319238754,9.98679900078549,6.809915827614868,7.471569534602333,6.754454091269034,7.138079763358813
2023-06-29 23:00:00,9.988985809830007,6.685353393222372,7.095638593859215,11.379549724062565,2.7954831939413975,7.457781253045497,3.303632416607635,3.303632416607635,10.913987144060803,2.893347215970792,2.893347215970792,8.371458112165932,-1.3905639142325583,1.3905639142325583,1.9336679995657737,7.19350261588861,7.19350261588861,51.74647988479627,2.53120455678451,2.53120455678451,6.406996508286667,7.08276123162621,7.095638593859215,6.857054071865226,5.371713225222187,6.461149926681351
2023-06-30 00:00:00,3.0521992544632415,6.221951140011022,7.437608736012789,0.10653015238863037,3.239156265174367,7.841466631583053,-3.1697518855477806,3.1697518855477806,10.04732701593371,-4.385409481549548,4.385409481549548,19.231816320864674,2.945669102074611,2.945669102074611,8.676966458917045,-0.18695701071112536,0.18695701071112536,0.03495292385403984,-4.7892673771198115,4.7892673771198115,22.937082009544078,4.9693425850339725,6.221951140011022,6.115154132069587,4.653050623583245,5.690493046971045
